search_key,search_time,keyword,article_index,title,url,snippet,pub_date,ai_summary
바이브코딩 피로감-202602121441,2026-02-12 14:41:05.772049,바이브코딩 피로감,1,뉴스 10페이지 | 팩플 - 중앙일보,https://www.joongang.co.kr/factpl/news?page=10,심지어 '바이브 코딩' 덕에 개발 지식이 없는 비(非) 개발자들까지 같은 자리를 ... 피로감을 드러냈다. 미성년자 보호자들 사이에서는 숏폼(짧은 영상) 콘텐트를,,"다음은 뉴스 기사들의 핵심 내용을 요약한 것입니다.

*   '바이브 코딩'은 사용자가 자연어로 명령하면 인공지능(AI)이 코드를 생성해주는 소프트웨어 개발 기술로, 오픈AI 공동창업자 안드레이 카르파티가 처음 제시한 용어입니다.
*   영국 콜린스 사전은 이 기술을 ""2025 올해의 단어""로 선정하며, 기술과 인간의 진화하는 관계를 포착하는 용어라고 설명했습니다.
*   이 기술 덕분에 개발 지식이 없는 비전문가도 쉽게 앱을 만들 수 있는 등 코딩의 진입 장벽이 크게 낮아지고 있습니다.
*   하지만 바이브 코딩으로 쉽게 개발된 앱들이 늘어나면서 경쟁 과열과 개발자의 피로감, 서비스 이탈 등의 부작용이 우려되고 있습니다.
*   콜린스 사전의 올해의 단어 최종 후보에는 '바이브 코딩' 외에도 AI와 기술 변화에 대한 사회의 수용과 저항을 보여주는 다양한 신조어들이 포함되었습니다."
바이브코딩 피로감-202602121441,2026-02-12 14:41:05.772049,바이브코딩 피로감,2,팩플 10페이지 | 중앙일보,https://www.joongang.co.kr/factpl?page=10,... 바이브 코딩으로 월 100만 원씩 꽂히는 앱을 여러 개 만든다해도 결국 경쟁자에 ... 피로감을 느끼고 서비스에서 이탈할 가능성이 높아진다. 피츠의 법칙(Fitts's,,"다음은 뉴스 기사들의 핵심 내용을 요약한 것입니다.

*   '바이브 코딩'은 사용자가 자연어로 명령하면 인공지능(AI)이 코드를 생성해주는 소프트웨어 개발 기술로, 오픈AI 공동창업자 안드레이 카르파티가 처음 제시한 용어입니다.
*   영국 콜린스 사전은 이 기술을 ""2025 올해의 단어""로 선정하며, 기술과 인간의 진화하는 관계를 포착하는 용어라고 설명했습니다.
*   이 기술 덕분에 개발 지식이 없는 비전문가도 쉽게 앱을 만들 수 있는 등 코딩의 진입 장벽이 크게 낮아지고 있습니다.
*   하지만 바이브 코딩으로 쉽게 개발된 앱들이 늘어나면서 경쟁 과열과 개발자의 피로감, 서비스 이탈 등의 부작용이 우려되고 있습니다.
*   콜린스 사전의 올해의 단어 최종 후보에는 '바이브 코딩' 외에도 AI와 기술 변화에 대한 사회의 수용과 저항을 보여주는 다양한 신조어들이 포함되었습니다."
바이브코딩 피로감-202602121441,2026-02-12 14:41:05.772049,바이브코딩 피로감,3,신혜원 기자 - JTBC 뉴스,https://news.jtbc.co.kr/journalist/302,... 피로감이 쌓이거든요. 그리고 지금 우리가 뭐 주가지수가 높고 이렇지만 사실 ... 바이브 코딩 얘기를 하면서 말로 하면 코드를 짜주는. 예전에 입스타라는 게,,"다음은 뉴스 기사들의 핵심 내용을 요약한 것입니다.

*   '바이브 코딩'은 사용자가 자연어로 명령하면 인공지능(AI)이 코드를 생성해주는 소프트웨어 개발 기술로, 오픈AI 공동창업자 안드레이 카르파티가 처음 제시한 용어입니다.
*   영국 콜린스 사전은 이 기술을 ""2025 올해의 단어""로 선정하며, 기술과 인간의 진화하는 관계를 포착하는 용어라고 설명했습니다.
*   이 기술 덕분에 개발 지식이 없는 비전문가도 쉽게 앱을 만들 수 있는 등 코딩의 진입 장벽이 크게 낮아지고 있습니다.
*   하지만 바이브 코딩으로 쉽게 개발된 앱들이 늘어나면서 경쟁 과열과 개발자의 피로감, 서비스 이탈 등의 부작용이 우려되고 있습니다.
*   콜린스 사전의 올해의 단어 최종 후보에는 '바이브 코딩' 외에도 AI와 기술 변화에 대한 사회의 수용과 저항을 보여주는 다양한 신조어들이 포함되었습니다."
바이브코딩 피로감-202602121441,2026-02-12 14:41:05.772049,바이브코딩 피로감,4,느낌으로 코딩하는 시대! 영국 콜린스 올해의 단어로 '바이브 코딩' 선정,https://kids.donga.com/news/articleView.html?idxno=167371,"'바이브(Vibe)'는 분위기, 느낌이라는 뜻. 즉 바이브 코딩은 '느낌으로 하는 코딩', '말로 만드는 프로그래밍'을 표현한 말이에요. 예전에는 영어와 숫자",,"다음은 뉴스 기사들의 핵심 내용을 요약한 것입니다.

*   '바이브 코딩'은 사용자가 자연어로 명령하면 인공지능(AI)이 코드를 생성해주는 소프트웨어 개발 기술로, 오픈AI 공동창업자 안드레이 카르파티가 처음 제시한 용어입니다.
*   영국 콜린스 사전은 이 기술을 ""2025 올해의 단어""로 선정하며, 기술과 인간의 진화하는 관계를 포착하는 용어라고 설명했습니다.
*   이 기술 덕분에 개발 지식이 없는 비전문가도 쉽게 앱을 만들 수 있는 등 코딩의 진입 장벽이 크게 낮아지고 있습니다.
*   하지만 바이브 코딩으로 쉽게 개발된 앱들이 늘어나면서 경쟁 과열과 개발자의 피로감, 서비스 이탈 등의 부작용이 우려되고 있습니다.
*   콜린스 사전의 올해의 단어 최종 후보에는 '바이브 코딩' 외에도 AI와 기술 변화에 대한 사회의 수용과 저항을 보여주는 다양한 신조어들이 포함되었습니다."
바이브코딩 피로감-202602121441,2026-02-12 14:41:05.772049,바이브코딩 피로감,5,英콜린스 올해의 단어에 AI가 코드 짜는 '바이브 코딩' - 연합뉴스,https://www.yna.co.kr/view/AKR20251106166200085,"# 英콜린스 올해의 단어에 AI가 코드 짜는 '바이브 코딩'

송고2025-11-06 20:18

송고 2025년11월06일 20시18분

영국 영어사전 콜린스 사전이 '2025 올해의 단어'에 자연어로 명령하면 인공지능이 프로그램 코드를 짜는 소프트웨어 개발 기술을 가리키는 '바이브 코딩'을 선정했다고 6일 밝혔다.

콜린스는 ""우리와 기술 간 진화하는 관계에 대한 근본을 포착한 용어""라며 ""전문가들은 이를 두고 혁신적인지 무모한 것인지 논쟁을 벌이지만, 실리콘밸리를 넘어 AI가 일상의 모든 것을 보조하는 광범위한 문화적 변동을 보여준다""고 설명했다.

바이브 코딩 외에 콜린스가 최종 후보에 올린 단어에는 영화 '스타워즈' 시리즈에서 컴퓨터나 로봇, AI 소프트웨어를 비하하는 데 사용된 말인 '클랭커'와 같이 기술과 그로 인한 사회 변화를 담은 말이 상당수였다.

김지연
AI 일러스트

[로이터 연합뉴스 자료사진 재판매 및 DB 금지]

(런던=연합뉴스) 김지연 특파원 = 영국 영어사전 콜린스 사전이 '2025 올해의 단어'에 자연어로 명령하면 인공지능(AI)이 프로그램 코드를 짜는 소프트웨어 개발 기술을 가리키는 '바이브 코딩'(Vibe coding)을 선정했다고 6일(현지시간) 밝혔다.

바이브 코딩은 ""이런저런 기능을 넣어 할 일 목록 앱 만들어줘"", ""이 웹페이지를 좀 더 시원한 분위기로 고쳐줘"" 등 자연어 프롬프트를 넣으면 AI가 코드를 작성해주는 신기술이다. 오픈AI 공동창업자 안드레이 카르파티가 이 용어를 처음 제시했다. [...] 트럼프 취임식의 저커버그, 베이조스, 피차이, 머스크

[EPA 연합뉴스 자료사진 재판매 및 DB 금지]

겉보기에 카리스마 넘치는 페르소나를 만들어내는 '아우라 파밍'(aura farming), 일터에서 일하지 않으면서 일하는 것처럼 보이려 하는 '태스크마스킹'(taskmasking), 자아실현과 재충전을 위한 휴직 '마이크로 은퇴'(micro-retirement)도 최종 후보에 올랐다.

고소득인데도 부자가 되지 못한 사람을 가리키는 '헨리'(HENRY·high earner, not rich yet), 건강 개선을 위해 신체의 자연적 과정을 바꾸려는 노력인 '바이오해킹'(biohacking), 기후변화에 따른 피서 '쿨케이션'(coolcation)도 포함됐다.

콜린스는 최종 후보들을 두고 ""AI와 기술을 받아들이는 동시에 저항하는 근본적 긴장을 보여준다""고 풀이했다.

cherora@yna.co.kr

제보는 카카오톡 okjebo
<저작권자(c) 연합뉴스,
무단 전재-재배포, AI 학습 및 활용 금지>

2025/11/06 20:18 송고
2025년11월06일 20시18분 송고

### 핫뉴스 [...] 카르파티는 올해 2월 엑스(X·옛 트위터)에서 본인이 이런 방식을 많이 쓰고 이를 바이브 코딩으로 부른다고 소개하면서 ""바이브(분위기)에 다 내어주고 코드가 존재한다는 사실조차 잊는 것""이라고 설명했다.

그러면서 ""프로젝트나 웹앱을 만들고 있지만 진짜 코딩은 아니다""며 ""그저 보고 말하고 돌리고 '복붙'(copy paste)하는데 그게 대체로 통한다""고도 썼다.

콜린스는 ""우리와 기술 간 진화하는 관계에 대한 근본을 포착한 용어""라며 ""전문가들은 이를 두고 혁신적인지 무모한 것인지 논쟁을 벌이지만, 실리콘밸리를 넘어 AI가 일상의 모든 것을 보조하는 광범위한 문화적 변동을 보여준다""고 설명했다.

바이브 코딩 외에 콜린스가 최종 후보에 올린 단어에는 영화 '스타워즈' 시리즈에서 컴퓨터나 로봇, AI 소프트웨어를 비하하는 데 사용된 말인 '클랭커'(clanker)와 같이 기술과 그로 인한 사회 변화를 담은 말이 상당수였다.

도널드 트럼프 미국 대통령의 취임식에 일론 머스크, 제프 베이조스, 마크 저커버그 등 테크업계 억만장자가 줄줄이 참석한 이후 정치적 영향력을 행사하는 억만장자를 가리키는 말인 '브롤리가키'(broligarchy)도 올해 자주 쓰였다.

트럼프 취임식의 저커버그, 베이조스, 피차이, 머스크

[EPA 연합뉴스 자료사진 재판매 및 DB 금지]",,"다음은 뉴스 기사들의 핵심 내용을 요약한 것입니다.

*   '바이브 코딩'은 사용자가 자연어로 명령하면 인공지능(AI)이 코드를 생성해주는 소프트웨어 개발 기술로, 오픈AI 공동창업자 안드레이 카르파티가 처음 제시한 용어입니다.
*   영국 콜린스 사전은 이 기술을 ""2025 올해의 단어""로 선정하며, 기술과 인간의 진화하는 관계를 포착하는 용어라고 설명했습니다.
*   이 기술 덕분에 개발 지식이 없는 비전문가도 쉽게 앱을 만들 수 있는 등 코딩의 진입 장벽이 크게 낮아지고 있습니다.
*   하지만 바이브 코딩으로 쉽게 개발된 앱들이 늘어나면서 경쟁 과열과 개발자의 피로감, 서비스 이탈 등의 부작용이 우려되고 있습니다.
*   콜린스 사전의 올해의 단어 최종 후보에는 '바이브 코딩' 외에도 AI와 기술 변화에 대한 사회의 수용과 저항을 보여주는 다양한 신조어들이 포함되었습니다."
바이브코딩 피로감-202602121441,2026-02-12 14:41:45.012645,바이브코딩 피로감,1,뉴스 10페이지 | 팩플 - 중앙일보,https://www.joongang.co.kr/factpl/news?page=10,심지어 '바이브 코딩' 덕에 개발 지식이 없는 비(非) 개발자들까지 같은 자리를 ... 피로감을 드러냈다. 미성년자 보호자들 사이에서는 숏폼(짧은 영상) 콘텐트를,,"다음 뉴스 기사들의 핵심 내용은 다음과 같습니다:

*   바이브 코딩은 자연어 명령에 따라 인공지능(AI)이 코드를 생성하는 소프트웨어 개발 기술로, 오픈AI 공동창업자 안드레이 카르파티가 이 용어를 처음 제시했습니다. 이는 '느낌으로 하는 코딩' 또는 '말로 만드는 프로그래밍'을 의미합니다.
*   영국 콜린스 사전은 '2025 올해의 단어'로 바이브 코딩을 선정하며, 이를 인간과 기술의 진화하는 관계에 대한 근본을 포착한 용어로 평가했습니다.
*   이 기술은 개발 지식이 없는 비개발자들도 앱을 만들 수 있게 하여, AI가 일상 전반을 보조하는 광범위한 문화적 변동을 보여줍니다.
*   하지만 바이브 코딩의 확산은 경쟁 심화와 서비스 이탈 가능성을 높여 사용자 피로감을 유발할 수 있다는 우려도 제기됩니다.
*   전문가들 사이에서는 바이브 코딩이 혁신적인 기술인지, 아니면 무모한 방향으로 나아가는 것인지에 대한 논쟁이 지속되고 있습니다."
바이브코딩 피로감-202602121441,2026-02-12 14:41:45.012645,바이브코딩 피로감,2,팩플 10페이지 | 중앙일보,https://www.joongang.co.kr/factpl?page=10,... 바이브 코딩으로 월 100만 원씩 꽂히는 앱을 여러 개 만든다해도 결국 경쟁자에 ... 피로감을 느끼고 서비스에서 이탈할 가능성이 높아진다. 피츠의 법칙(Fitts's,,"다음 뉴스 기사들의 핵심 내용은 다음과 같습니다:

*   바이브 코딩은 자연어 명령에 따라 인공지능(AI)이 코드를 생성하는 소프트웨어 개발 기술로, 오픈AI 공동창업자 안드레이 카르파티가 이 용어를 처음 제시했습니다. 이는 '느낌으로 하는 코딩' 또는 '말로 만드는 프로그래밍'을 의미합니다.
*   영국 콜린스 사전은 '2025 올해의 단어'로 바이브 코딩을 선정하며, 이를 인간과 기술의 진화하는 관계에 대한 근본을 포착한 용어로 평가했습니다.
*   이 기술은 개발 지식이 없는 비개발자들도 앱을 만들 수 있게 하여, AI가 일상 전반을 보조하는 광범위한 문화적 변동을 보여줍니다.
*   하지만 바이브 코딩의 확산은 경쟁 심화와 서비스 이탈 가능성을 높여 사용자 피로감을 유발할 수 있다는 우려도 제기됩니다.
*   전문가들 사이에서는 바이브 코딩이 혁신적인 기술인지, 아니면 무모한 방향으로 나아가는 것인지에 대한 논쟁이 지속되고 있습니다."
바이브코딩 피로감-202602121441,2026-02-12 14:41:45.012645,바이브코딩 피로감,3,신혜원 기자 - JTBC 뉴스,https://news.jtbc.co.kr/journalist/302,... 피로감이 쌓이거든요. 그리고 지금 우리가 뭐 주가지수가 높고 이렇지만 사실 ... 바이브 코딩 얘기를 하면서 말로 하면 코드를 짜주는. 예전에 입스타라는 게,,"다음 뉴스 기사들의 핵심 내용은 다음과 같습니다:

*   바이브 코딩은 자연어 명령에 따라 인공지능(AI)이 코드를 생성하는 소프트웨어 개발 기술로, 오픈AI 공동창업자 안드레이 카르파티가 이 용어를 처음 제시했습니다. 이는 '느낌으로 하는 코딩' 또는 '말로 만드는 프로그래밍'을 의미합니다.
*   영국 콜린스 사전은 '2025 올해의 단어'로 바이브 코딩을 선정하며, 이를 인간과 기술의 진화하는 관계에 대한 근본을 포착한 용어로 평가했습니다.
*   이 기술은 개발 지식이 없는 비개발자들도 앱을 만들 수 있게 하여, AI가 일상 전반을 보조하는 광범위한 문화적 변동을 보여줍니다.
*   하지만 바이브 코딩의 확산은 경쟁 심화와 서비스 이탈 가능성을 높여 사용자 피로감을 유발할 수 있다는 우려도 제기됩니다.
*   전문가들 사이에서는 바이브 코딩이 혁신적인 기술인지, 아니면 무모한 방향으로 나아가는 것인지에 대한 논쟁이 지속되고 있습니다."
바이브코딩 피로감-202602121441,2026-02-12 14:41:45.012645,바이브코딩 피로감,4,느낌으로 코딩하는 시대! 영국 콜린스 올해의 단어로 '바이브 코딩' 선정,https://kids.donga.com/news/articleView.html?idxno=167371,"'바이브(Vibe)'는 분위기, 느낌이라는 뜻. 즉 바이브 코딩은 '느낌으로 하는 코딩', '말로 만드는 프로그래밍'을 표현한 말이에요. 예전에는 영어와 숫자",,"다음 뉴스 기사들의 핵심 내용은 다음과 같습니다:

*   바이브 코딩은 자연어 명령에 따라 인공지능(AI)이 코드를 생성하는 소프트웨어 개발 기술로, 오픈AI 공동창업자 안드레이 카르파티가 이 용어를 처음 제시했습니다. 이는 '느낌으로 하는 코딩' 또는 '말로 만드는 프로그래밍'을 의미합니다.
*   영국 콜린스 사전은 '2025 올해의 단어'로 바이브 코딩을 선정하며, 이를 인간과 기술의 진화하는 관계에 대한 근본을 포착한 용어로 평가했습니다.
*   이 기술은 개발 지식이 없는 비개발자들도 앱을 만들 수 있게 하여, AI가 일상 전반을 보조하는 광범위한 문화적 변동을 보여줍니다.
*   하지만 바이브 코딩의 확산은 경쟁 심화와 서비스 이탈 가능성을 높여 사용자 피로감을 유발할 수 있다는 우려도 제기됩니다.
*   전문가들 사이에서는 바이브 코딩이 혁신적인 기술인지, 아니면 무모한 방향으로 나아가는 것인지에 대한 논쟁이 지속되고 있습니다."
바이브코딩 피로감-202602121441,2026-02-12 14:41:45.012645,바이브코딩 피로감,5,英콜린스 올해의 단어에 AI가 코드 짜는 '바이브 코딩' - 연합뉴스,https://www.yna.co.kr/view/AKR20251106166200085,"# 英콜린스 올해의 단어에 AI가 코드 짜는 '바이브 코딩'

송고2025-11-06 20:18

송고 2025년11월06일 20시18분

영국 영어사전 콜린스 사전이 '2025 올해의 단어'에 자연어로 명령하면 인공지능이 프로그램 코드를 짜는 소프트웨어 개발 기술을 가리키는 '바이브 코딩'을 선정했다고 6일 밝혔다.

콜린스는 ""우리와 기술 간 진화하는 관계에 대한 근본을 포착한 용어""라며 ""전문가들은 이를 두고 혁신적인지 무모한 것인지 논쟁을 벌이지만, 실리콘밸리를 넘어 AI가 일상의 모든 것을 보조하는 광범위한 문화적 변동을 보여준다""고 설명했다.

바이브 코딩 외에 콜린스가 최종 후보에 올린 단어에는 영화 '스타워즈' 시리즈에서 컴퓨터나 로봇, AI 소프트웨어를 비하하는 데 사용된 말인 '클랭커'와 같이 기술과 그로 인한 사회 변화를 담은 말이 상당수였다.

김지연
AI 일러스트

[로이터 연합뉴스 자료사진 재판매 및 DB 금지]

(런던=연합뉴스) 김지연 특파원 = 영국 영어사전 콜린스 사전이 '2025 올해의 단어'에 자연어로 명령하면 인공지능(AI)이 프로그램 코드를 짜는 소프트웨어 개발 기술을 가리키는 '바이브 코딩'(Vibe coding)을 선정했다고 6일(현지시간) 밝혔다.

바이브 코딩은 ""이런저런 기능을 넣어 할 일 목록 앱 만들어줘"", ""이 웹페이지를 좀 더 시원한 분위기로 고쳐줘"" 등 자연어 프롬프트를 넣으면 AI가 코드를 작성해주는 신기술이다. 오픈AI 공동창업자 안드레이 카르파티가 이 용어를 처음 제시했다. [...] 트럼프 취임식의 저커버그, 베이조스, 피차이, 머스크

[EPA 연합뉴스 자료사진 재판매 및 DB 금지]

겉보기에 카리스마 넘치는 페르소나를 만들어내는 '아우라 파밍'(aura farming), 일터에서 일하지 않으면서 일하는 것처럼 보이려 하는 '태스크마스킹'(taskmasking), 자아실현과 재충전을 위한 휴직 '마이크로 은퇴'(micro-retirement)도 최종 후보에 올랐다.

고소득인데도 부자가 되지 못한 사람을 가리키는 '헨리'(HENRY·high earner, not rich yet), 건강 개선을 위해 신체의 자연적 과정을 바꾸려는 노력인 '바이오해킹'(biohacking), 기후변화에 따른 피서 '쿨케이션'(coolcation)도 포함됐다.

콜린스는 최종 후보들을 두고 ""AI와 기술을 받아들이는 동시에 저항하는 근본적 긴장을 보여준다""고 풀이했다.

cherora@yna.co.kr

제보는 카카오톡 okjebo
<저작권자(c) 연합뉴스,
무단 전재-재배포, AI 학습 및 활용 금지>

2025/11/06 20:18 송고
2025년11월06일 20시18분 송고

### 핫뉴스 [...] 카르파티는 올해 2월 엑스(X·옛 트위터)에서 본인이 이런 방식을 많이 쓰고 이를 바이브 코딩으로 부른다고 소개하면서 ""바이브(분위기)에 다 내어주고 코드가 존재한다는 사실조차 잊는 것""이라고 설명했다.

그러면서 ""프로젝트나 웹앱을 만들고 있지만 진짜 코딩은 아니다""며 ""그저 보고 말하고 돌리고 '복붙'(copy paste)하는데 그게 대체로 통한다""고도 썼다.

콜린스는 ""우리와 기술 간 진화하는 관계에 대한 근본을 포착한 용어""라며 ""전문가들은 이를 두고 혁신적인지 무모한 것인지 논쟁을 벌이지만, 실리콘밸리를 넘어 AI가 일상의 모든 것을 보조하는 광범위한 문화적 변동을 보여준다""고 설명했다.

바이브 코딩 외에 콜린스가 최종 후보에 올린 단어에는 영화 '스타워즈' 시리즈에서 컴퓨터나 로봇, AI 소프트웨어를 비하하는 데 사용된 말인 '클랭커'(clanker)와 같이 기술과 그로 인한 사회 변화를 담은 말이 상당수였다.

도널드 트럼프 미국 대통령의 취임식에 일론 머스크, 제프 베이조스, 마크 저커버그 등 테크업계 억만장자가 줄줄이 참석한 이후 정치적 영향력을 행사하는 억만장자를 가리키는 말인 '브롤리가키'(broligarchy)도 올해 자주 쓰였다.

트럼프 취임식의 저커버그, 베이조스, 피차이, 머스크

[EPA 연합뉴스 자료사진 재판매 및 DB 금지]",,"다음 뉴스 기사들의 핵심 내용은 다음과 같습니다:

*   바이브 코딩은 자연어 명령에 따라 인공지능(AI)이 코드를 생성하는 소프트웨어 개발 기술로, 오픈AI 공동창업자 안드레이 카르파티가 이 용어를 처음 제시했습니다. 이는 '느낌으로 하는 코딩' 또는 '말로 만드는 프로그래밍'을 의미합니다.
*   영국 콜린스 사전은 '2025 올해의 단어'로 바이브 코딩을 선정하며, 이를 인간과 기술의 진화하는 관계에 대한 근본을 포착한 용어로 평가했습니다.
*   이 기술은 개발 지식이 없는 비개발자들도 앱을 만들 수 있게 하여, AI가 일상 전반을 보조하는 광범위한 문화적 변동을 보여줍니다.
*   하지만 바이브 코딩의 확산은 경쟁 심화와 서비스 이탈 가능성을 높여 사용자 피로감을 유발할 수 있다는 우려도 제기됩니다.
*   전문가들 사이에서는 바이브 코딩이 혁신적인 기술인지, 아니면 무모한 방향으로 나아가는 것인지에 대한 논쟁이 지속되고 있습니다."
코덱스-202602121457,2026-02-12 14:57:02.518087,코덱스,1,"한·미 공동개발한 태양 망원경, 우주정거장 도킹 - 중앙일보",https://www.joongang.co.kr/article/25290139,"‘코덱스’(CODEX)

‘코덱스’(CODEX)

우주항공청(KASA)은 지난 5일 오전 11시 29분(한국시간) 미국 플로리다 케네디우주센터에서 발사된 CODEX가 12시간만인 같은 날 오후 11시 52분 성공적으로 국제우주정거장(ISS)에 도킹했다고 6일 발표했다. CODEX는 오는 9일부터 11일까지 사흘에 걸쳐 미 항공우주국(나사·NASA)의 로봇 팔에 의해 ISS에 설치된다. 이후 1개월간 시험운영을 거쳐 6개월에서 최대 2년까지 ISS에서 태양을 관측할 계획이다.

CODEX는 한국천문연구원(천문연)과 나사가 2017년부터 공동 개발한 태양 관측 특수 망원경이다. 두 기관은 망원경의 운용과 관리도 함께 한다. 나사는 CODEX의 ISS 설치와 운영을 담당하고, 천문연은 CODEX의 원격 정보 수신과 관측을 담당한다. CODEX는 ISS가 90분간 지구를 한 바퀴 도는 궤도 주기 동안, 최대 55분간 태양을 관측하는 임무를 수행한다.

CODEX를 활용하면 그간 관측이 어려웠던 태양 대기의 가장 바깥 부분인 ‘코로나(corona)’를 쉽게 관측할 수 있다. 그동안 태양의 바깥 표면은 밝기가 강해 지상에서 관측이 어려웠다. 그래서 나사가 과거 두 차례(1995년, 2006년) 우주에 발사한 태양 관측 망원경(코로나그래프)이 코로나 모양을 촬영해 지상으로 보냈고, 지상에 있는 과학자가 이를 분석했다. CODEX는 코로나의 모양뿐만 아니라, 관측이 어려웠던 온도와 속도를 동시에 측정한 뒤 2차원 영상으로 구현할 수 있는 기술을 탑재했다. [...] 중앙일보

간편 로그인하고 한결 더 편리해진   
나만의 중앙일보를 경험해보세요.

중앙일보 지면 그대로, 뉴스의 큰 그림 그대로 지면보기 이용안내

중앙일보를 만나는 또다른 방법

자동 검색 기능이 작동 중 입니다.

검색어 저장 기능이 꺼져있습니다.

AI 검색은 일반 키워드 검색과는 다르게 문장으로  
질문해주세요. AI가 질문의 의도를 파악해서 참고기사와 함께  
원하는 답변을 해드려요.

![[오늘의 운세] 2월 12일](
![김건희 ""입당하면 날 지켜줄 수 있나?""…이준석에 던진 괴질문 [실록 윤석열 시대2]](
""매일밤 위스키에 이것 탄다""…88세 황동규 시인의 ‘뇌 보약’
![[속보] 국힘 내부 만류에…장동혁, 李대통령 오찬 안 간다](
배우 정은우, 40세 나이로 사망…전날 SNS에 올린 의미심장 글

1
읽는 중

글자크기 설정 시 다른 기사의 본문도  
 동일하게 적용됩니다.

# 한·미 공동개발한 태양 망원경, 우주정거장 도킹

입력

종합 16면

![태양 코로나그래프 ‘코덱스’(CODEX 아래 사진)가 지난 5일 스페이스X 팰컨9에 실려 발사되는 모습. [연합뉴스]](

태양 코로나그래프 ‘코덱스’(CODEX 아래 사진)가 지난 5일 스페이스X 팰컨9에 실려 발사되는 모습. [연합뉴스]

한국과 미국이 공동 개발한 태양 관측 특수 망원경 ‘태양 코로나그래프(CODEX)’가 국제우주정거장(ISS)에 도착했다. 태양풍이 야기하는 각종 우주 날씨 변화를 더 정확하게 예측하기 위한 장비다. 향후 위성통신과 전파통신 장애를 대비하는 데 도움을 줄 전망이다.

‘코덱스’(CODEX) [...] CODEX가 관측한 자료는 우주날씨를 예측하는 데 활용된다. 우주날씨는 우주 공간에서 발생하는 환경 변화로, 태양에서 발생하는 태양풍으로부터 영향을 받는다. 특히 강력한 태양풍인 ‘태양폭풍’이 지구의 자기장과 충돌하면 우주 내 인공위성 통신뿐만 아니라, 지구의 전자장비에도 오류가 발생해 전파통신 등 장애가 생길 수 있다. 더 자세하게 코로나를 관측할 수 있게 되면 이 같은 우주 날씨 변화를 더 정확하게 예측할 수 있다.

강현우 KASA 우주과학탐사 임무설계프로그램장은 “차세대 코로나그래프인 CODEX의 성공적인 발사는 태양 활동에 기인한 우주 환경 예보와 관련 연구에 있어 중대한 진전”이라며 “우주 과학 분야에서 한국의 위상이 한층 높아졌다”고 밝혔다.

윤상언 기자 youn.sangun@joongang.co.kr",,"제시된 뉴스 기사들 중 1번부터 4번까지는 'CODEX'라는 태양 관측 망원경에 대한 내용이며, 5번 기사는 오픈AI의 AI 코딩 에이전트 'CODEX'에 대한 내용으로 전혀 다른 주제입니다. 따라서 1~4번 기사의 핵심 내용을 요약합니다.

*   한국과 미국이 공동 개발한 태양 관측 특수 망원경 '코덱스(CODEX)'가 국제우주정거장(ISS)에 성공적으로 도킹했습니다. 이는 우주항공청(KASA)과 미 항공우주국(NASA)이 2017년부터 협력한 결과입니다.
*   코덱스는 태양 대기 최외곽인 코로나를 상시 관측하며, 기존에는 어려웠던 코로나의 형상, 온도, 속도를 동시에 측정해 2차원 영상으로 구현하는 기술을 탑재했습니다. 이를 통해 개기일식 없이도 코로나를 관측할 수 있습니다.
*   주요 연구 목표는 태양 표면보다 훨씬 뜨거운 코로나의 가열 원인과 태양풍이 초속 수백km로 가속되는 비밀 등 태양 연구의 주요 난제들을 해결하는 것입니다.
*   코덱스가 수집한 자료는 강력한 태양풍으로 인한 우주 날씨 변화를 더욱 정확하게 예측하고, 이로 인한 위성통신이나 전파통신 등 지구 전자기기 장애에 대비하는 데 활용될 예정입니다.
*   NASA는 코덱스의 ISS 설치와 운영을 담당하고, 한국천문연구원(KASI)은 원격 정보 수신과 관측을 맡아 향후 6개월에서 최대 2년까지 태양을 관측할 계획입니다."
코덱스-202602121457,2026-02-12 14:57:02.518087,코덱스,2,한·미 개발 '태양 대기 관측장비' 오는 5일 우주로 발사 - 경향신문,https://www.khan.co.kr/article/202411011205001,"코덱스는 ISS 외부에 부착돼 운영될 예정이다. 코덱스는 원통형으로 생긴 본체와 부대 장비로 구성돼 있는데 가로와 세로는 1.5ｍ, 높이는 1.3ｍ다. 중량은 220㎏이다.

코덱스는 태양 대기의 가장 바깥층인 코로나를 관측하는 데에 특화된 장비다. 코로나는 온도가 100만~500만도에 이르는데 태양 표면(6000도)보다 월등히 뜨겁다. 그 이유는 아직 밝혀지지 않았다.

코로나의 비밀이 충분히 벗겨지지 않은 데에는 이유가 있다. 관측이 쉽지 않아서다. 태양 표면인 ‘광구’가 코로나에 비해 너무 밝기 때문에 개기일식 때를 제외하면 코로나를 관측하기가 어렵다. 개기일식처럼 인공적으로 태양 표면을 가려야 코로나를 볼 수 있는데, 그 역할을 우주에서 코덱스가 한다. 하늘에 뜬 해를 바라보고 싶을 때, 눈 근처로 가져가는 손과 같은 역할을 코덱스가 수행하는 셈이다.

이 때문에 코덱스를 이용하면 개기일식 여부와 상관없이 코로나를 상시 관측하는 일이 가능하다. 연구진은 코덱스로 태양 코로나의 형상은 물론 기존에는 관측이 어려웠던 세밀한 온도 자료 등도 측정할 예정이다.

우주항공청은 코덱스를 통해 코로나에서 방출되는 전기를 띤 물질의 흐름인 ‘태양풍’ 연구에도 속도가 붙을 것으로 보고 있다. 태양풍은 지상이나 지구 궤도를 도는 전자장비에 이상을 일으킬 수 있다. [...] # 창간 80주년 경향신문

한·미 개발 ‘태양 대기 관측장비’ 오는 5일 우주로 발사

경향신문

공유하기

카카오톡

페이스북

X

URL 복사

이메일

보기 설정

글자 크기

보통

크게

아주 크게

컬러 모드

라이트

다크

베이지

그린

컬러 모드

라이트

다크

베이지

그린

본문 요약

내 뉴스플리에 저장

# 한·미 개발 ‘태양 대기 관측장비’ 오는 5일 우주로 발사

입력 2024.11.01 12:05

수정 2024.11.01 13:40

태양 코로나 관측용 ‘코덱스’, 로켓 이송

고도 400㎞ 국제우주정거장 외벽에 설치

코로나 특징 우주에서 상시 확인 가능

한·미 연구진이 개발한 태양 대기 관측용 장비인 코덱스(오른쪽 사진)와 코덱스가 설치될 국제우주정거장(ISS) 외벽의 위치. 우주항공청 제공

한·미 연구진이 개발한 태양 대기 관측용 장비인 코덱스(오른쪽 사진)와 코덱스가 설치될 국제우주정거장(ISS) 외벽의 위치. 우주항공청 제공

한국과 미국이 함께 개발한 우주 관측 장비인 ‘태양 코로나그래프(CODEX·코덱스)’가 오는 5일 지구 궤도로 발사된다. 코덱스는 태양 대기의 특징을 우주 공간에서 관찰하고 분석할 수 있는 장비로, 국제우주정거장(ISS)에 설치될 예정이다.

우주항공청은 1일 한국천문연구원과 미국 항공우주국(NASA)이 공동 개발한 코덱스가 한국시간으로 오는 5일 오전 11시29분 미국 플로리다주 케네디우주센터에서 발사될 예정이라고 밝혔다. 코덱스는 미국 민간기업 스페이스X의 팰컨9 발사체에 실려 고도 약 400㎞의 ISS로 올라간다. [...] 코덱스 이전에도 우주에 코로나 그래프가 올라간 일은 있다. 하지만 현재는 장비가 노후화돼 있다. 대표적으로 미국과 유럽이 함께 쏜 코로나 그래프인 ‘LASCO’는 1995년 발사된 태양 관측 위성 ‘SOHO’에 탑재돼 있다. 코덱스는 이 분야에서는 최신 장비가 되는 셈이다.

강현우 우주청 우주과학탐사 임무설계프로그램장은 “우주청은 코덱스를 통해 태양 연구와 우주 날씨 예측 분야에서 한국이 강국으로 도약하도록 최선을 다하겠다”고 밝혔다.

이정호 기자

이정호 기자

산업부

글자 크기 설정

보통

크게

아주 크게

컬러 모드 설정

라이트

다크

베이지

그린

공유하기

카카오톡

페이스북

X

URL 복사

이메일

### 주요 기사

### 더 깊이, 더 넓게 보는 기사

점선면

매일 아침 '점선면'이  
뉴스의 맥락과 관점을 정리해드려요!

뉴스레터를 구독해주셔서 감사합니다.

![바뀐 것과 바뀌지 않은 것 [플랫]](

플랫

![[금주의 B컷]알록달록 꽃들 사이 맨발로 맞이하는 봄](

사진금주의 B컷

![[인터랙티브] 불법계엄의 재구성](//img.khan.co.kr/ranking/khan/mobile/MAInteractive/1268_1767820409_A1R2lVCXGyn55dGP.png)

인터랙티브

### 지금 많이 보는 기사

### 읽어볼 만한 기사

더 적게 읽고, 더 많이 아는 점선면

### 뉴스룸 PICK

### 에디터 PICK

![[이창진의 우주로 읽는 과학]누리호 성공에 기술·경제만 관심…‘문화’ 담아야 우주개발 역량 커진다](",,"제시된 뉴스 기사들 중 1번부터 4번까지는 'CODEX'라는 태양 관측 망원경에 대한 내용이며, 5번 기사는 오픈AI의 AI 코딩 에이전트 'CODEX'에 대한 내용으로 전혀 다른 주제입니다. 따라서 1~4번 기사의 핵심 내용을 요약합니다.

*   한국과 미국이 공동 개발한 태양 관측 특수 망원경 '코덱스(CODEX)'가 국제우주정거장(ISS)에 성공적으로 도킹했습니다. 이는 우주항공청(KASA)과 미 항공우주국(NASA)이 2017년부터 협력한 결과입니다.
*   코덱스는 태양 대기 최외곽인 코로나를 상시 관측하며, 기존에는 어려웠던 코로나의 형상, 온도, 속도를 동시에 측정해 2차원 영상으로 구현하는 기술을 탑재했습니다. 이를 통해 개기일식 없이도 코로나를 관측할 수 있습니다.
*   주요 연구 목표는 태양 표면보다 훨씬 뜨거운 코로나의 가열 원인과 태양풍이 초속 수백km로 가속되는 비밀 등 태양 연구의 주요 난제들을 해결하는 것입니다.
*   코덱스가 수집한 자료는 강력한 태양풍으로 인한 우주 날씨 변화를 더욱 정확하게 예측하고, 이로 인한 위성통신이나 전파통신 등 지구 전자기기 장애에 대비하는 데 활용될 예정입니다.
*   NASA는 코덱스의 ISS 설치와 운영을 담당하고, 한국천문연구원(KASI)은 원격 정보 수신과 관측을 맡아 향후 6개월에서 최대 2년까지 태양을 관측할 계획입니다."
코덱스-202602121457,2026-02-12 14:57:02.518087,코덱스,3,"한·미 합작 역대 최강 코로나 관측 장비, 태양풍 비밀 벗긴다 - 한겨레",https://www.hani.co.kr/arti/science/future/1165856.html,"또 코로나에서 방출된 초속 수십km의 태양풍은 태양을 벗어나면서 초속 수백km로 가속된다. 태양풍은 태양에서 지구를 포함한 우주로 퍼져나가는 하전 입자들의 흐름을 가리키는 말이다.

국제우주정거장에서 코덱스(오른쪽)가 설치되는 위치. 한국천문연구원 제공

코로나에서 풀어야 할 두 가지 난제

그러나 태양 표면인 광구가 매우 밝아 개기일식을 제외하면 지상에서는 코로나를 관측하기 어렵다. 코덱스는 인공으로 태양 표면을 가려 개기일식 때처럼 코로나만을 볼 수 있게 해준다. 따라서 이를 이용하면 코로나를 상시관측할 수 있다. 천문연은 “90분에 한 번씩 지구를 도는 국제우주정거장에서는 90분의 절반이 조금 넘는 55분 동안 코로나를 관측할 수 있다”고 밝혔다.

과학자들은 코덱스를 이용해 코로나의 높은 온도와 태양풍의 가속 비밀이라는 두 가지 난제를 푸는 연구를 진행한다. 코덱스 과학 책임자인 나사 고다드우주비행센터의 니콜린 비얼 박사(태양물리학)는 사이언스에 “코덱스는 지금까지와는 차원이 다른 상세한 정보를 제공해줄 것”이라고 말했다.

개기일식 때 촬영한 코로나의 모습. 한국천문연구원 제공

우주 날씨 예측에 한 걸음 더 [...] 개기일식 때 촬영한 코로나의 모습. 한국천문연구원 제공

우주 날씨 예측에 한 걸음 더

특히 코덱스가 집중적으로 들여다보는 영역은 코로나 중간층이다. 태양 반지름의 2.75~10배 사이에 있는 이 구역에서 태양풍이 시작된다. 지구 대기 상층부에 도착한 태양풍의 하전 입자는 지구 자기장에 이끌려 극지방으로 떨어지면서 대기 분자와 충돌해 오로라(극광)를 만든다. 태양 활동이 활발할 때는 지구 자기장을 교란시켜 통신, 전력망 장애를 일으키고 인공위성 고장의 원인이 될 수 있다. 나사는 코덱스의 관측 데이터가 쌓이면 허리케인을 예측하듯 태양풍 폭발 같은 우주 날씨 현상을 예측하는 데 한걸음 더 가까이 갈 수 있을 것으로 기대하고 있다.

천문연은 코덱스의 핵심 기술인 편광카메라, 구동 제어기 등 하드웨어와 코로나그래프의 비행 및 지상 운영 소프트웨어를 개발했고, 나사는 광학계, 태양 추적 장치 등을 개발했다.

코덱스의 운영은 나사 고다드우주비행센터가 맡으며, 천문연은 원격으로 정보를 수신하고 모니터링한다. 코덱스는 발사 13시간 후 국제우주정거장에 도착하지만, 설치까지는 일주일 정도 시간이 더 필요하다.

곽노필 선임기자 nopil@hani.co.kr [...] 공유
저장
인쇄
글자크기조정

### 한·미 합작 역대 최강 코로나 관측 장비, 태양풍 비밀 벗긴다

#### 곽노필의 미래창 국제우주정거장에 설치…형상·온도·속도 첫 동시 관측

`audio`
기사 읽어주기 재생
볼륨 조절 바 열기
5일(한국시각) 오전 미 플로리다 케네디우주센터에서 코덱스를 포함한 여러 과학장비와 우주비행사 보급품을 실은 화물우주선이 스페이스엑스의 팰컨9 로켓에 실려 이륙하고 있다. 웹방송 갈무리

한국과 미국이 함께 개발한 역대 최강의 태양 코로나 관측 장비(코로나그래프)인 코덱스(CODEX)가 우주로 날아갔다.

미 항공우주국(나사)은 4일 오후 21시29분(한국시각 5일 오전 11시29분) 플로리다 케네디우주센터에서 코덱스를 포함한 여러 과학장비와 우주비행사 보급품을 실은 화물우주선을 스페이스엑스의 팰컨9 로켓에 실어 국제우주정거장(ISS)을 향해 발사했다.

총 3천만달러(약 400억원)를 투입한 코덱스는 태양 대기의 가장 바깥층인 코로나의 형상과 함께 온도와 속도까지 측정해 2차원 영상으로 구현하는 장비다. 역대 코로나 관측 장비 가운데 형상과 온도, 속도를 한 기기에서 동시에 측정해 영상으로 구현하는 것은 코덱스가 처음이다.

과학자들이 코로나에서 풀어야 할 숙제는 태양의 바깥층이 어떻게 그렇게 뜨거운지와 태양풍이 어떻게 그렇게 빨라지는지 두 가지다. 태양의 온도는 중심에서 바깥쪽으로 나아갈수록 낮아지지만, 가장 바깥 영역인 코로나에서 오히려 수백만도까지 가열된다. 코로나의 온도는 100만~500만도로 태양 표면의 6천도보다 훨씬 높다.",,"제시된 뉴스 기사들 중 1번부터 4번까지는 'CODEX'라는 태양 관측 망원경에 대한 내용이며, 5번 기사는 오픈AI의 AI 코딩 에이전트 'CODEX'에 대한 내용으로 전혀 다른 주제입니다. 따라서 1~4번 기사의 핵심 내용을 요약합니다.

*   한국과 미국이 공동 개발한 태양 관측 특수 망원경 '코덱스(CODEX)'가 국제우주정거장(ISS)에 성공적으로 도킹했습니다. 이는 우주항공청(KASA)과 미 항공우주국(NASA)이 2017년부터 협력한 결과입니다.
*   코덱스는 태양 대기 최외곽인 코로나를 상시 관측하며, 기존에는 어려웠던 코로나의 형상, 온도, 속도를 동시에 측정해 2차원 영상으로 구현하는 기술을 탑재했습니다. 이를 통해 개기일식 없이도 코로나를 관측할 수 있습니다.
*   주요 연구 목표는 태양 표면보다 훨씬 뜨거운 코로나의 가열 원인과 태양풍이 초속 수백km로 가속되는 비밀 등 태양 연구의 주요 난제들을 해결하는 것입니다.
*   코덱스가 수집한 자료는 강력한 태양풍으로 인한 우주 날씨 변화를 더욱 정확하게 예측하고, 이로 인한 위성통신이나 전파통신 등 지구 전자기기 장애에 대비하는 데 활용될 예정입니다.
*   NASA는 코덱스의 ISS 설치와 운영을 담당하고, 한국천문연구원(KASI)은 원격 정보 수신과 관측을 맡아 향후 6개월에서 최대 2년까지 태양을 관측할 계획입니다."
코덱스-202602121457,2026-02-12 14:57:02.518087,코덱스,4,8일 북미서 개기일식…먼 나라 우주이벤트에 한국 과학자들이 바쁜 이유는? - 경향신문,https://www.khan.co.kr/article/202404021331001,"하지만 평소에는 그렇지 않다. 코로나 온도는 섭씨 수백만도에 이르러 태양 표면(약 6000도)보다 훨씬 뜨겁지만 밝기는 태양 표면보다 상대적으로 낮기 때문에 평소에는 관찰이 되지 않는다. 밝은 자동차 전조등 옆을 나는 반딧불이가 잘 보이지 않는 것과 비슷하다.

코로나가 태양 표면보다 왜 뜨거운지는 아직 규명되지 않았다. 게다가 태양 표면에서 나오는 초속 수십㎞짜리 태양풍(태양에서 방사되는 전기적 성질을 띤 입자)이 왜 코로나를 거치면 초속 수백㎞로 가속되는지도 알 수 없다. 천문연구원은 개기일식을 통한 코로나 관찰을 통해 이런 의문을 해결할 실마리를 찾을 계획이다.

천문연구원은 파견팀을 통해 ‘국제우주정거장용 코로나 그래프(코덱스, CODEX)’라는 신형 장비 운영을 위한 관측 데이터도 수집할 예정이다. 코덱스는 올해 9월 고도 400㎞에 떠 있는 국제우주정거장에 설치될 예정이다. 코덱스는 NASA와 천문연구원이 함께 개발했다.

코덱스의 핵심 기능은 인공적인 개기일식을 일으키는 것이다. 우주에서 태양 본체를 가릴 만한 가리개를 펼쳐 햇빛을 막은 뒤 코로나를 관찰한다. 개기일식을 기다릴 필요 없이 필요할 때마다 코로나를 볼 수 있다. 코로나의 온도와 속도를 측정할 수 있는 코덱스는 최대 2년간 운영된다. [...] 코덱스 한국 측 개발 책임자인 천문연구원 김연한 박사는 “코덱스는 태양 연구의 난제인 코로나 가열과 태양풍 가속 비밀의 실마리를 푸는 데 기여할 것”이라고 밝혔다. 다음 개기일식은 2026년 8월12일 아이슬란드와 스페인에서 생긴다. 한국에서는 2035년 9월2일에 강원도 고성 등에서 개기일식을 관찰할 수 있다.

이정호 기자

이정호 기자

산업부

글자 크기 설정

보통

크게

아주 크게

컬러 모드 설정

라이트

다크

베이지

그린

공유하기

카카오톡

페이스북

X

URL 복사

이메일

### 주요 기사

### 더 깊이, 더 넓게 보는 기사

점선면

매일 아침 '점선면'이  
뉴스의 맥락과 관점을 정리해드려요!

뉴스레터를 구독해주셔서 감사합니다.

![바뀐 것과 바뀌지 않은 것 [플랫]](

플랫

![[금주의 B컷]알록달록 꽃들 사이 맨발로 맞이하는 봄](

사진금주의 B컷

![[인터랙티브] 불법계엄의 재구성](//img.khan.co.kr/ranking/khan/mobile/MAInteractive/1268_1767820409_A1R2lVCXGyn55dGP.png)

인터랙티브

### 지금 많이 보는 기사

### 읽어볼 만한 기사

더 적게 읽고, 더 많이 아는 점선면

### 뉴스룸 PICK

### 에디터 PICK

![[이창진의 우주로 읽는 과학]누리호 성공에 기술·경제만 관심…‘문화’ 담아야 우주개발 역량 커진다](

이창진의 우주로 읽는 과학

늙고 장애가 있더라도 함께 잘 살아야죠…동물의 ‘생로병사’에 공감

이진송의 아니 근데 [...] # 창간 80주년 경향신문

8일 북미서 개기일식…먼 나라 우주이벤트에 한국 과학자들이 바쁜 이유는?

경향신문

공유하기

카카오톡

페이스북

X

URL 복사

이메일

보기 설정

글자 크기

보통

크게

아주 크게

컬러 모드

라이트

다크

베이지

그린

컬러 모드

라이트

다크

베이지

그린

본문 요약

내 뉴스플리에 저장

# 8일 북미서 개기일식…먼 나라 우주이벤트에 한국 과학자들이 바쁜 이유는?

입력 2024.04.02 13:31

수정 2024.04.02 14:46

천문연, 미국 텍사스에 개기일식 관측팀 파견

8일 일식 정밀 관찰 예정…‘코로나’ 집중 확인

올해 9월 우주 발사할 신형 장비도 점검

2017년 8월21일 미국 오레건주에서 관측된 개기일식 장면. 태양 주변에 물뿌리개로 뿌린 물방울처럼 보이는 ‘코로나’가 관찰된다. 미국 항공우주국(NASA) 제공

2017년 8월21일 미국 오레건주에서 관측된 개기일식 장면. 태양 주변에 물뿌리개로 뿌린 물방울처럼 보이는 ‘코로나’가 관찰된다. 미국 항공우주국(NASA) 제공

오는 8일(현지시간) 북미를 가로지르며 발생할 개기일식을 관찰할 수 있는 지역(검은색 띠). 멕시코부터 미국, 캐나다 국토를 아우른다. 미국 항공우주국(NASA) 제공

오는 8일(현지시간) 북미를 가로지르며 발생할 개기일식을 관찰할 수 있는 지역(검은색 띠). 멕시코부터 미국, 캐나다 국토를 아우른다. 미국 항공우주국(NASA) 제공",,"제시된 뉴스 기사들 중 1번부터 4번까지는 'CODEX'라는 태양 관측 망원경에 대한 내용이며, 5번 기사는 오픈AI의 AI 코딩 에이전트 'CODEX'에 대한 내용으로 전혀 다른 주제입니다. 따라서 1~4번 기사의 핵심 내용을 요약합니다.

*   한국과 미국이 공동 개발한 태양 관측 특수 망원경 '코덱스(CODEX)'가 국제우주정거장(ISS)에 성공적으로 도킹했습니다. 이는 우주항공청(KASA)과 미 항공우주국(NASA)이 2017년부터 협력한 결과입니다.
*   코덱스는 태양 대기 최외곽인 코로나를 상시 관측하며, 기존에는 어려웠던 코로나의 형상, 온도, 속도를 동시에 측정해 2차원 영상으로 구현하는 기술을 탑재했습니다. 이를 통해 개기일식 없이도 코로나를 관측할 수 있습니다.
*   주요 연구 목표는 태양 표면보다 훨씬 뜨거운 코로나의 가열 원인과 태양풍이 초속 수백km로 가속되는 비밀 등 태양 연구의 주요 난제들을 해결하는 것입니다.
*   코덱스가 수집한 자료는 강력한 태양풍으로 인한 우주 날씨 변화를 더욱 정확하게 예측하고, 이로 인한 위성통신이나 전파통신 등 지구 전자기기 장애에 대비하는 데 활용될 예정입니다.
*   NASA는 코덱스의 ISS 설치와 운영을 담당하고, 한국천문연구원(KASI)은 원격 정보 수신과 관측을 맡아 향후 6개월에서 최대 2년까지 태양을 관측할 계획입니다."
코덱스-202602121457,2026-02-12 14:57:02.518087,코덱스,5,"오픈AI, AI 코딩 에이전트 공개…빅테크와 본격 경쟁 | 연합뉴스",https://www.yna.co.kr/view/AKR20250517003000091,코덱스는 소프트웨어 엔지니어링에 최적화된 오픈AI의 추론 모델 'o3'를 기반으로 작동한다고 오픈AI는 설명했다. 오픈AI는 코덱스가 아직 초기 단계,,"제시된 뉴스 기사들 중 1번부터 4번까지는 'CODEX'라는 태양 관측 망원경에 대한 내용이며, 5번 기사는 오픈AI의 AI 코딩 에이전트 'CODEX'에 대한 내용으로 전혀 다른 주제입니다. 따라서 1~4번 기사의 핵심 내용을 요약합니다.

*   한국과 미국이 공동 개발한 태양 관측 특수 망원경 '코덱스(CODEX)'가 국제우주정거장(ISS)에 성공적으로 도킹했습니다. 이는 우주항공청(KASA)과 미 항공우주국(NASA)이 2017년부터 협력한 결과입니다.
*   코덱스는 태양 대기 최외곽인 코로나를 상시 관측하며, 기존에는 어려웠던 코로나의 형상, 온도, 속도를 동시에 측정해 2차원 영상으로 구현하는 기술을 탑재했습니다. 이를 통해 개기일식 없이도 코로나를 관측할 수 있습니다.
*   주요 연구 목표는 태양 표면보다 훨씬 뜨거운 코로나의 가열 원인과 태양풍이 초속 수백km로 가속되는 비밀 등 태양 연구의 주요 난제들을 해결하는 것입니다.
*   코덱스가 수집한 자료는 강력한 태양풍으로 인한 우주 날씨 변화를 더욱 정확하게 예측하고, 이로 인한 위성통신이나 전파통신 등 지구 전자기기 장애에 대비하는 데 활용될 예정입니다.
*   NASA는 코덱스의 ISS 설치와 운영을 담당하고, 한국천문연구원(KASI)은 원격 정보 수신과 관측을 맡아 향후 6개월에서 최대 2년까지 태양을 관측할 계획입니다."
코덱스-202602121458,2026-02-12 14:58:54.060155,코덱스,1,"한·미 공동개발한 태양 망원경, 우주정거장 도킹 - 중앙일보",https://www.joongang.co.kr/article/25290139,"‘코덱스’(CODEX)

‘코덱스’(CODEX)

우주항공청(KASA)은 지난 5일 오전 11시 29분(한국시간) 미국 플로리다 케네디우주센터에서 발사된 CODEX가 12시간만인 같은 날 오후 11시 52분 성공적으로 국제우주정거장(ISS)에 도킹했다고 6일 발표했다. CODEX는 오는 9일부터 11일까지 사흘에 걸쳐 미 항공우주국(나사·NASA)의 로봇 팔에 의해 ISS에 설치된다. 이후 1개월간 시험운영을 거쳐 6개월에서 최대 2년까지 ISS에서 태양을 관측할 계획이다.

CODEX는 한국천문연구원(천문연)과 나사가 2017년부터 공동 개발한 태양 관측 특수 망원경이다. 두 기관은 망원경의 운용과 관리도 함께 한다. 나사는 CODEX의 ISS 설치와 운영을 담당하고, 천문연은 CODEX의 원격 정보 수신과 관측을 담당한다. CODEX는 ISS가 90분간 지구를 한 바퀴 도는 궤도 주기 동안, 최대 55분간 태양을 관측하는 임무를 수행한다.

CODEX를 활용하면 그간 관측이 어려웠던 태양 대기의 가장 바깥 부분인 ‘코로나(corona)’를 쉽게 관측할 수 있다. 그동안 태양의 바깥 표면은 밝기가 강해 지상에서 관측이 어려웠다. 그래서 나사가 과거 두 차례(1995년, 2006년) 우주에 발사한 태양 관측 망원경(코로나그래프)이 코로나 모양을 촬영해 지상으로 보냈고, 지상에 있는 과학자가 이를 분석했다. CODEX는 코로나의 모양뿐만 아니라, 관측이 어려웠던 온도와 속도를 동시에 측정한 뒤 2차원 영상으로 구현할 수 있는 기술을 탑재했다. [...] 중앙일보

간편 로그인하고 한결 더 편리해진   
나만의 중앙일보를 경험해보세요.

중앙일보 지면 그대로, 뉴스의 큰 그림 그대로 지면보기 이용안내

중앙일보를 만나는 또다른 방법

자동 검색 기능이 작동 중 입니다.

검색어 저장 기능이 꺼져있습니다.

AI 검색은 일반 키워드 검색과는 다르게 문장으로  
질문해주세요. AI가 질문의 의도를 파악해서 참고기사와 함께  
원하는 답변을 해드려요.

![[오늘의 운세] 2월 12일](
![김건희 ""입당하면 날 지켜줄 수 있나?""…이준석에 던진 괴질문 [실록 윤석열 시대2]](
""매일밤 위스키에 이것 탄다""…88세 황동규 시인의 ‘뇌 보약’
![[속보] 국힘 내부 만류에…장동혁, 李대통령 오찬 안 간다](
배우 정은우, 40세 나이로 사망…전날 SNS에 올린 의미심장 글

1
읽는 중

글자크기 설정 시 다른 기사의 본문도  
 동일하게 적용됩니다.

# 한·미 공동개발한 태양 망원경, 우주정거장 도킹

입력

종합 16면

![태양 코로나그래프 ‘코덱스’(CODEX 아래 사진)가 지난 5일 스페이스X 팰컨9에 실려 발사되는 모습. [연합뉴스]](

태양 코로나그래프 ‘코덱스’(CODEX 아래 사진)가 지난 5일 스페이스X 팰컨9에 실려 발사되는 모습. [연합뉴스]

한국과 미국이 공동 개발한 태양 관측 특수 망원경 ‘태양 코로나그래프(CODEX)’가 국제우주정거장(ISS)에 도착했다. 태양풍이 야기하는 각종 우주 날씨 변화를 더 정확하게 예측하기 위한 장비다. 향후 위성통신과 전파통신 장애를 대비하는 데 도움을 줄 전망이다.

‘코덱스’(CODEX) [...] CODEX가 관측한 자료는 우주날씨를 예측하는 데 활용된다. 우주날씨는 우주 공간에서 발생하는 환경 변화로, 태양에서 발생하는 태양풍으로부터 영향을 받는다. 특히 강력한 태양풍인 ‘태양폭풍’이 지구의 자기장과 충돌하면 우주 내 인공위성 통신뿐만 아니라, 지구의 전자장비에도 오류가 발생해 전파통신 등 장애가 생길 수 있다. 더 자세하게 코로나를 관측할 수 있게 되면 이 같은 우주 날씨 변화를 더 정확하게 예측할 수 있다.

강현우 KASA 우주과학탐사 임무설계프로그램장은 “차세대 코로나그래프인 CODEX의 성공적인 발사는 태양 활동에 기인한 우주 환경 예보와 관련 연구에 있어 중대한 진전”이라며 “우주 과학 분야에서 한국의 위상이 한층 높아졌다”고 밝혔다.

윤상언 기자 youn.sangun@joongang.co.kr",,"각 뉴스 기사의 핵심 내용을 아래와 같이 요약했습니다.

### 1. 한·미 공동개발한 태양 망원경, 우주정거장 도킹 - 중앙일보

*   한국과 미국이 공동 개발한 태양 관측 특수 망원경 '코덱스(CODEX)'가 지난 5일 국제우주정거장(ISS)에 성공적으로 도킹했습니다. 이는 우주 날씨 예측에 중요한 진전으로 평가됩니다.
*   코덱스는 한국천문연구원과 나사(NASA)가 2017년부터 개발했으며, ISS에 설치된 후 6개월에서 최대 2년까지 태양을 관측할 예정입니다.
*   이 망원경은 관측이 어려웠던 태양 대기 '코로나'의 모양뿐만 아니라 온도와 속도까지 동시에 측정하여 2차원 영상으로 구현할 수 있는 최첨단 기술을 탑재했습니다.
*   코덱스 관측 자료는 태양풍에 따른 우주 날씨 변화를 더 정확하게 예측하고, 위성통신 및 전파통신 장애에 대비하는 데 활용될 것입니다.

### 2. 한·미 개발 '태양 대기 관측장비' 오는 5일 우주로 발사 - 경향신문

*   한국과 미국이 공동 개발한 태양 대기 관측 장비인 '코덱스(CODEX)'가 국제우주정거장(ISS) 설치를 위해 지난 5일 우주로 발사되었습니다.
*   코덱스는 태양 대기 최외곽층인 코로나를 상시 관측할 수 있도록 인공 개기일식 효과를 구현하며, 코로나의 형상과 온도 등 세밀한 정보를 측정할 예정입니다.
*   이 장비는 태양 표면보다 훨씬 뜨거운 코로나의 온도 미스터리를 규명하고, 태양풍 연구를 가속화하여 우주 날씨 예측 능력을 향상시키는 데 기여할 것으로 기대됩니다.
*   코덱스는 기존의 노후화된 장비들을 대체하는 최신 기술을 적용하여, 우주 과학 분야에서 한국의 위상을 높이는 데 일조할 것입니다.

### 3. 한·미 합작 역대 최강 코로나 관측 장비, 태양풍 비밀 벗긴다 - 한겨레

*   총 400억원 규모로 한미가 공동 개발한 역대 최강의 태양 코로나 관측 장비 '코덱스(CODEX)'가 국제우주정거장(ISS)으로 발사되었습니다.
*   코덱스는 기존 장비와 달리 코로나의 형상, 온도, 속도를 한 기기에서 동시에 측정하고 2차원 영상으로 구현하는 최초의 장비입니다.
*   과학자들은 코덱스를 통해 코로나가 뜨거워지는 원인과 태양풍이 급격히 가속되는 비밀 등 태양 연구의 두 가지 주요 난제를 해결할 것으로 기대하고 있습니다.
*   코덱스의 관측 데이터는 태양풍 폭발과 같은 우주 날씨 현상을 예측하는 능력을 크게 향상시켜, 인공위성 통신 및 전력망 장애 대비에 중요한 역할을 할 것입니다.
*   한국천문연구원은 편광카메라 등 하드웨어와 운영 소프트웨어를, 나사는 광학계 등 핵심 기술을 개발했습니다.

### 4. 8일 북미서 개기일식…먼 나라 우주이벤트에 한국 과학자들이 바쁜 이유는? - 경향신문

*   한국천문연구원은 북미 개기일식에 맞춰 관측팀을 파견하여 태양 코로나 데이터를 수집했으며, 이는 한미 공동 개발 '코덱스(CODEX)' 장비 운영 및 검증에 활용될 예정입니다.
*   올해 9월 국제우주정거장에 설치될 예정인 코덱스는 인공 개기일식을 일으켜 태양 본체를 가리고 코로나를 상시 관측할 수 있는 신형 장비입니다.
*   코덱스는 코로나의 온도와 속도까지 정밀하게 측정하여, 태양 대기의 가장 뜨거운 층인 코로나의 가열 원인과 태양풍 가속 비밀 등 태양 연구의 오랜 난제를 해결하는 데 기여할 것입니다.
*   이 장비는 NASA와 천문연구원이 공동 개발했으며, 최대 2년간 운영될 예정입니다.

### 5. 오픈AI, AI 코딩 에이전트 공개…빅테크와 본격 경쟁 | 연합뉴스

*   오픈AI가 소프트웨어 엔지니어링에 최적화된 인공지능 코딩 에이전트 '코덱스(CODEX)'를 공개했습니다.
*   이 코덱스는 오픈AI의 추론 모델 'o3'를 기반으로 작동하며, 아직 초기 단계에 있지만 빅테크 기업들과의 AI 코딩 분야 경쟁을 본격화할 것임을 시사합니다."
코덱스-202602121458,2026-02-12 14:58:54.060155,코덱스,2,한·미 개발 '태양 대기 관측장비' 오는 5일 우주로 발사 - 경향신문,https://www.khan.co.kr/article/202411011205001,"코덱스는 ISS 외부에 부착돼 운영될 예정이다. 코덱스는 원통형으로 생긴 본체와 부대 장비로 구성돼 있는데 가로와 세로는 1.5ｍ, 높이는 1.3ｍ다. 중량은 220㎏이다.

코덱스는 태양 대기의 가장 바깥층인 코로나를 관측하는 데에 특화된 장비다. 코로나는 온도가 100만~500만도에 이르는데 태양 표면(6000도)보다 월등히 뜨겁다. 그 이유는 아직 밝혀지지 않았다.

코로나의 비밀이 충분히 벗겨지지 않은 데에는 이유가 있다. 관측이 쉽지 않아서다. 태양 표면인 ‘광구’가 코로나에 비해 너무 밝기 때문에 개기일식 때를 제외하면 코로나를 관측하기가 어렵다. 개기일식처럼 인공적으로 태양 표면을 가려야 코로나를 볼 수 있는데, 그 역할을 우주에서 코덱스가 한다. 하늘에 뜬 해를 바라보고 싶을 때, 눈 근처로 가져가는 손과 같은 역할을 코덱스가 수행하는 셈이다.

이 때문에 코덱스를 이용하면 개기일식 여부와 상관없이 코로나를 상시 관측하는 일이 가능하다. 연구진은 코덱스로 태양 코로나의 형상은 물론 기존에는 관측이 어려웠던 세밀한 온도 자료 등도 측정할 예정이다.

우주항공청은 코덱스를 통해 코로나에서 방출되는 전기를 띤 물질의 흐름인 ‘태양풍’ 연구에도 속도가 붙을 것으로 보고 있다. 태양풍은 지상이나 지구 궤도를 도는 전자장비에 이상을 일으킬 수 있다. [...] # 창간 80주년 경향신문

한·미 개발 ‘태양 대기 관측장비’ 오는 5일 우주로 발사

경향신문

공유하기

카카오톡

페이스북

X

URL 복사

이메일

보기 설정

글자 크기

보통

크게

아주 크게

컬러 모드

라이트

다크

베이지

그린

컬러 모드

라이트

다크

베이지

그린

본문 요약

내 뉴스플리에 저장

# 한·미 개발 ‘태양 대기 관측장비’ 오는 5일 우주로 발사

입력 2024.11.01 12:05

수정 2024.11.01 13:40

태양 코로나 관측용 ‘코덱스’, 로켓 이송

고도 400㎞ 국제우주정거장 외벽에 설치

코로나 특징 우주에서 상시 확인 가능

한·미 연구진이 개발한 태양 대기 관측용 장비인 코덱스(오른쪽 사진)와 코덱스가 설치될 국제우주정거장(ISS) 외벽의 위치. 우주항공청 제공

한·미 연구진이 개발한 태양 대기 관측용 장비인 코덱스(오른쪽 사진)와 코덱스가 설치될 국제우주정거장(ISS) 외벽의 위치. 우주항공청 제공

한국과 미국이 함께 개발한 우주 관측 장비인 ‘태양 코로나그래프(CODEX·코덱스)’가 오는 5일 지구 궤도로 발사된다. 코덱스는 태양 대기의 특징을 우주 공간에서 관찰하고 분석할 수 있는 장비로, 국제우주정거장(ISS)에 설치될 예정이다.

우주항공청은 1일 한국천문연구원과 미국 항공우주국(NASA)이 공동 개발한 코덱스가 한국시간으로 오는 5일 오전 11시29분 미국 플로리다주 케네디우주센터에서 발사될 예정이라고 밝혔다. 코덱스는 미국 민간기업 스페이스X의 팰컨9 발사체에 실려 고도 약 400㎞의 ISS로 올라간다. [...] 코덱스 이전에도 우주에 코로나 그래프가 올라간 일은 있다. 하지만 현재는 장비가 노후화돼 있다. 대표적으로 미국과 유럽이 함께 쏜 코로나 그래프인 ‘LASCO’는 1995년 발사된 태양 관측 위성 ‘SOHO’에 탑재돼 있다. 코덱스는 이 분야에서는 최신 장비가 되는 셈이다.

강현우 우주청 우주과학탐사 임무설계프로그램장은 “우주청은 코덱스를 통해 태양 연구와 우주 날씨 예측 분야에서 한국이 강국으로 도약하도록 최선을 다하겠다”고 밝혔다.

이정호 기자

이정호 기자

산업부

글자 크기 설정

보통

크게

아주 크게

컬러 모드 설정

라이트

다크

베이지

그린

공유하기

카카오톡

페이스북

X

URL 복사

이메일

### 주요 기사

### 더 깊이, 더 넓게 보는 기사

점선면

매일 아침 '점선면'이  
뉴스의 맥락과 관점을 정리해드려요!

뉴스레터를 구독해주셔서 감사합니다.

![바뀐 것과 바뀌지 않은 것 [플랫]](

플랫

![[금주의 B컷]알록달록 꽃들 사이 맨발로 맞이하는 봄](

사진금주의 B컷

![[인터랙티브] 불법계엄의 재구성](//img.khan.co.kr/ranking/khan/mobile/MAInteractive/1268_1767820409_A1R2lVCXGyn55dGP.png)

인터랙티브

### 지금 많이 보는 기사

### 읽어볼 만한 기사

더 적게 읽고, 더 많이 아는 점선면

### 뉴스룸 PICK

### 에디터 PICK

![[이창진의 우주로 읽는 과학]누리호 성공에 기술·경제만 관심…‘문화’ 담아야 우주개발 역량 커진다](",,"각 뉴스 기사의 핵심 내용을 아래와 같이 요약했습니다.

### 1. 한·미 공동개발한 태양 망원경, 우주정거장 도킹 - 중앙일보

*   한국과 미국이 공동 개발한 태양 관측 특수 망원경 '코덱스(CODEX)'가 지난 5일 국제우주정거장(ISS)에 성공적으로 도킹했습니다. 이는 우주 날씨 예측에 중요한 진전으로 평가됩니다.
*   코덱스는 한국천문연구원과 나사(NASA)가 2017년부터 개발했으며, ISS에 설치된 후 6개월에서 최대 2년까지 태양을 관측할 예정입니다.
*   이 망원경은 관측이 어려웠던 태양 대기 '코로나'의 모양뿐만 아니라 온도와 속도까지 동시에 측정하여 2차원 영상으로 구현할 수 있는 최첨단 기술을 탑재했습니다.
*   코덱스 관측 자료는 태양풍에 따른 우주 날씨 변화를 더 정확하게 예측하고, 위성통신 및 전파통신 장애에 대비하는 데 활용될 것입니다.

### 2. 한·미 개발 '태양 대기 관측장비' 오는 5일 우주로 발사 - 경향신문

*   한국과 미국이 공동 개발한 태양 대기 관측 장비인 '코덱스(CODEX)'가 국제우주정거장(ISS) 설치를 위해 지난 5일 우주로 발사되었습니다.
*   코덱스는 태양 대기 최외곽층인 코로나를 상시 관측할 수 있도록 인공 개기일식 효과를 구현하며, 코로나의 형상과 온도 등 세밀한 정보를 측정할 예정입니다.
*   이 장비는 태양 표면보다 훨씬 뜨거운 코로나의 온도 미스터리를 규명하고, 태양풍 연구를 가속화하여 우주 날씨 예측 능력을 향상시키는 데 기여할 것으로 기대됩니다.
*   코덱스는 기존의 노후화된 장비들을 대체하는 최신 기술을 적용하여, 우주 과학 분야에서 한국의 위상을 높이는 데 일조할 것입니다.

### 3. 한·미 합작 역대 최강 코로나 관측 장비, 태양풍 비밀 벗긴다 - 한겨레

*   총 400억원 규모로 한미가 공동 개발한 역대 최강의 태양 코로나 관측 장비 '코덱스(CODEX)'가 국제우주정거장(ISS)으로 발사되었습니다.
*   코덱스는 기존 장비와 달리 코로나의 형상, 온도, 속도를 한 기기에서 동시에 측정하고 2차원 영상으로 구현하는 최초의 장비입니다.
*   과학자들은 코덱스를 통해 코로나가 뜨거워지는 원인과 태양풍이 급격히 가속되는 비밀 등 태양 연구의 두 가지 주요 난제를 해결할 것으로 기대하고 있습니다.
*   코덱스의 관측 데이터는 태양풍 폭발과 같은 우주 날씨 현상을 예측하는 능력을 크게 향상시켜, 인공위성 통신 및 전력망 장애 대비에 중요한 역할을 할 것입니다.
*   한국천문연구원은 편광카메라 등 하드웨어와 운영 소프트웨어를, 나사는 광학계 등 핵심 기술을 개발했습니다.

### 4. 8일 북미서 개기일식…먼 나라 우주이벤트에 한국 과학자들이 바쁜 이유는? - 경향신문

*   한국천문연구원은 북미 개기일식에 맞춰 관측팀을 파견하여 태양 코로나 데이터를 수집했으며, 이는 한미 공동 개발 '코덱스(CODEX)' 장비 운영 및 검증에 활용될 예정입니다.
*   올해 9월 국제우주정거장에 설치될 예정인 코덱스는 인공 개기일식을 일으켜 태양 본체를 가리고 코로나를 상시 관측할 수 있는 신형 장비입니다.
*   코덱스는 코로나의 온도와 속도까지 정밀하게 측정하여, 태양 대기의 가장 뜨거운 층인 코로나의 가열 원인과 태양풍 가속 비밀 등 태양 연구의 오랜 난제를 해결하는 데 기여할 것입니다.
*   이 장비는 NASA와 천문연구원이 공동 개발했으며, 최대 2년간 운영될 예정입니다.

### 5. 오픈AI, AI 코딩 에이전트 공개…빅테크와 본격 경쟁 | 연합뉴스

*   오픈AI가 소프트웨어 엔지니어링에 최적화된 인공지능 코딩 에이전트 '코덱스(CODEX)'를 공개했습니다.
*   이 코덱스는 오픈AI의 추론 모델 'o3'를 기반으로 작동하며, 아직 초기 단계에 있지만 빅테크 기업들과의 AI 코딩 분야 경쟁을 본격화할 것임을 시사합니다."
코덱스-202602121458,2026-02-12 14:58:54.060155,코덱스,3,"한·미 합작 역대 최강 코로나 관측 장비, 태양풍 비밀 벗긴다 - 한겨레",https://www.hani.co.kr/arti/science/future/1165856.html,"또 코로나에서 방출된 초속 수십km의 태양풍은 태양을 벗어나면서 초속 수백km로 가속된다. 태양풍은 태양에서 지구를 포함한 우주로 퍼져나가는 하전 입자들의 흐름을 가리키는 말이다.

국제우주정거장에서 코덱스(오른쪽)가 설치되는 위치. 한국천문연구원 제공

코로나에서 풀어야 할 두 가지 난제

그러나 태양 표면인 광구가 매우 밝아 개기일식을 제외하면 지상에서는 코로나를 관측하기 어렵다. 코덱스는 인공으로 태양 표면을 가려 개기일식 때처럼 코로나만을 볼 수 있게 해준다. 따라서 이를 이용하면 코로나를 상시관측할 수 있다. 천문연은 “90분에 한 번씩 지구를 도는 국제우주정거장에서는 90분의 절반이 조금 넘는 55분 동안 코로나를 관측할 수 있다”고 밝혔다.

과학자들은 코덱스를 이용해 코로나의 높은 온도와 태양풍의 가속 비밀이라는 두 가지 난제를 푸는 연구를 진행한다. 코덱스 과학 책임자인 나사 고다드우주비행센터의 니콜린 비얼 박사(태양물리학)는 사이언스에 “코덱스는 지금까지와는 차원이 다른 상세한 정보를 제공해줄 것”이라고 말했다.

개기일식 때 촬영한 코로나의 모습. 한국천문연구원 제공

우주 날씨 예측에 한 걸음 더 [...] 개기일식 때 촬영한 코로나의 모습. 한국천문연구원 제공

우주 날씨 예측에 한 걸음 더

특히 코덱스가 집중적으로 들여다보는 영역은 코로나 중간층이다. 태양 반지름의 2.75~10배 사이에 있는 이 구역에서 태양풍이 시작된다. 지구 대기 상층부에 도착한 태양풍의 하전 입자는 지구 자기장에 이끌려 극지방으로 떨어지면서 대기 분자와 충돌해 오로라(극광)를 만든다. 태양 활동이 활발할 때는 지구 자기장을 교란시켜 통신, 전력망 장애를 일으키고 인공위성 고장의 원인이 될 수 있다. 나사는 코덱스의 관측 데이터가 쌓이면 허리케인을 예측하듯 태양풍 폭발 같은 우주 날씨 현상을 예측하는 데 한걸음 더 가까이 갈 수 있을 것으로 기대하고 있다.

천문연은 코덱스의 핵심 기술인 편광카메라, 구동 제어기 등 하드웨어와 코로나그래프의 비행 및 지상 운영 소프트웨어를 개발했고, 나사는 광학계, 태양 추적 장치 등을 개발했다.

코덱스의 운영은 나사 고다드우주비행센터가 맡으며, 천문연은 원격으로 정보를 수신하고 모니터링한다. 코덱스는 발사 13시간 후 국제우주정거장에 도착하지만, 설치까지는 일주일 정도 시간이 더 필요하다.

곽노필 선임기자 nopil@hani.co.kr [...] 공유
저장
인쇄
글자크기조정

### 한·미 합작 역대 최강 코로나 관측 장비, 태양풍 비밀 벗긴다

#### 곽노필의 미래창 국제우주정거장에 설치…형상·온도·속도 첫 동시 관측

`audio`
기사 읽어주기 재생
볼륨 조절 바 열기
5일(한국시각) 오전 미 플로리다 케네디우주센터에서 코덱스를 포함한 여러 과학장비와 우주비행사 보급품을 실은 화물우주선이 스페이스엑스의 팰컨9 로켓에 실려 이륙하고 있다. 웹방송 갈무리

한국과 미국이 함께 개발한 역대 최강의 태양 코로나 관측 장비(코로나그래프)인 코덱스(CODEX)가 우주로 날아갔다.

미 항공우주국(나사)은 4일 오후 21시29분(한국시각 5일 오전 11시29분) 플로리다 케네디우주센터에서 코덱스를 포함한 여러 과학장비와 우주비행사 보급품을 실은 화물우주선을 스페이스엑스의 팰컨9 로켓에 실어 국제우주정거장(ISS)을 향해 발사했다.

총 3천만달러(약 400억원)를 투입한 코덱스는 태양 대기의 가장 바깥층인 코로나의 형상과 함께 온도와 속도까지 측정해 2차원 영상으로 구현하는 장비다. 역대 코로나 관측 장비 가운데 형상과 온도, 속도를 한 기기에서 동시에 측정해 영상으로 구현하는 것은 코덱스가 처음이다.

과학자들이 코로나에서 풀어야 할 숙제는 태양의 바깥층이 어떻게 그렇게 뜨거운지와 태양풍이 어떻게 그렇게 빨라지는지 두 가지다. 태양의 온도는 중심에서 바깥쪽으로 나아갈수록 낮아지지만, 가장 바깥 영역인 코로나에서 오히려 수백만도까지 가열된다. 코로나의 온도는 100만~500만도로 태양 표면의 6천도보다 훨씬 높다.",,"각 뉴스 기사의 핵심 내용을 아래와 같이 요약했습니다.

### 1. 한·미 공동개발한 태양 망원경, 우주정거장 도킹 - 중앙일보

*   한국과 미국이 공동 개발한 태양 관측 특수 망원경 '코덱스(CODEX)'가 지난 5일 국제우주정거장(ISS)에 성공적으로 도킹했습니다. 이는 우주 날씨 예측에 중요한 진전으로 평가됩니다.
*   코덱스는 한국천문연구원과 나사(NASA)가 2017년부터 개발했으며, ISS에 설치된 후 6개월에서 최대 2년까지 태양을 관측할 예정입니다.
*   이 망원경은 관측이 어려웠던 태양 대기 '코로나'의 모양뿐만 아니라 온도와 속도까지 동시에 측정하여 2차원 영상으로 구현할 수 있는 최첨단 기술을 탑재했습니다.
*   코덱스 관측 자료는 태양풍에 따른 우주 날씨 변화를 더 정확하게 예측하고, 위성통신 및 전파통신 장애에 대비하는 데 활용될 것입니다.

### 2. 한·미 개발 '태양 대기 관측장비' 오는 5일 우주로 발사 - 경향신문

*   한국과 미국이 공동 개발한 태양 대기 관측 장비인 '코덱스(CODEX)'가 국제우주정거장(ISS) 설치를 위해 지난 5일 우주로 발사되었습니다.
*   코덱스는 태양 대기 최외곽층인 코로나를 상시 관측할 수 있도록 인공 개기일식 효과를 구현하며, 코로나의 형상과 온도 등 세밀한 정보를 측정할 예정입니다.
*   이 장비는 태양 표면보다 훨씬 뜨거운 코로나의 온도 미스터리를 규명하고, 태양풍 연구를 가속화하여 우주 날씨 예측 능력을 향상시키는 데 기여할 것으로 기대됩니다.
*   코덱스는 기존의 노후화된 장비들을 대체하는 최신 기술을 적용하여, 우주 과학 분야에서 한국의 위상을 높이는 데 일조할 것입니다.

### 3. 한·미 합작 역대 최강 코로나 관측 장비, 태양풍 비밀 벗긴다 - 한겨레

*   총 400억원 규모로 한미가 공동 개발한 역대 최강의 태양 코로나 관측 장비 '코덱스(CODEX)'가 국제우주정거장(ISS)으로 발사되었습니다.
*   코덱스는 기존 장비와 달리 코로나의 형상, 온도, 속도를 한 기기에서 동시에 측정하고 2차원 영상으로 구현하는 최초의 장비입니다.
*   과학자들은 코덱스를 통해 코로나가 뜨거워지는 원인과 태양풍이 급격히 가속되는 비밀 등 태양 연구의 두 가지 주요 난제를 해결할 것으로 기대하고 있습니다.
*   코덱스의 관측 데이터는 태양풍 폭발과 같은 우주 날씨 현상을 예측하는 능력을 크게 향상시켜, 인공위성 통신 및 전력망 장애 대비에 중요한 역할을 할 것입니다.
*   한국천문연구원은 편광카메라 등 하드웨어와 운영 소프트웨어를, 나사는 광학계 등 핵심 기술을 개발했습니다.

### 4. 8일 북미서 개기일식…먼 나라 우주이벤트에 한국 과학자들이 바쁜 이유는? - 경향신문

*   한국천문연구원은 북미 개기일식에 맞춰 관측팀을 파견하여 태양 코로나 데이터를 수집했으며, 이는 한미 공동 개발 '코덱스(CODEX)' 장비 운영 및 검증에 활용될 예정입니다.
*   올해 9월 국제우주정거장에 설치될 예정인 코덱스는 인공 개기일식을 일으켜 태양 본체를 가리고 코로나를 상시 관측할 수 있는 신형 장비입니다.
*   코덱스는 코로나의 온도와 속도까지 정밀하게 측정하여, 태양 대기의 가장 뜨거운 층인 코로나의 가열 원인과 태양풍 가속 비밀 등 태양 연구의 오랜 난제를 해결하는 데 기여할 것입니다.
*   이 장비는 NASA와 천문연구원이 공동 개발했으며, 최대 2년간 운영될 예정입니다.

### 5. 오픈AI, AI 코딩 에이전트 공개…빅테크와 본격 경쟁 | 연합뉴스

*   오픈AI가 소프트웨어 엔지니어링에 최적화된 인공지능 코딩 에이전트 '코덱스(CODEX)'를 공개했습니다.
*   이 코덱스는 오픈AI의 추론 모델 'o3'를 기반으로 작동하며, 아직 초기 단계에 있지만 빅테크 기업들과의 AI 코딩 분야 경쟁을 본격화할 것임을 시사합니다."
코덱스-202602121458,2026-02-12 14:58:54.060155,코덱스,4,8일 북미서 개기일식…먼 나라 우주이벤트에 한국 과학자들이 바쁜 이유는? - 경향신문,https://www.khan.co.kr/article/202404021331001,"하지만 평소에는 그렇지 않다. 코로나 온도는 섭씨 수백만도에 이르러 태양 표면(약 6000도)보다 훨씬 뜨겁지만 밝기는 태양 표면보다 상대적으로 낮기 때문에 평소에는 관찰이 되지 않는다. 밝은 자동차 전조등 옆을 나는 반딧불이가 잘 보이지 않는 것과 비슷하다.

코로나가 태양 표면보다 왜 뜨거운지는 아직 규명되지 않았다. 게다가 태양 표면에서 나오는 초속 수십㎞짜리 태양풍(태양에서 방사되는 전기적 성질을 띤 입자)이 왜 코로나를 거치면 초속 수백㎞로 가속되는지도 알 수 없다. 천문연구원은 개기일식을 통한 코로나 관찰을 통해 이런 의문을 해결할 실마리를 찾을 계획이다.

천문연구원은 파견팀을 통해 ‘국제우주정거장용 코로나 그래프(코덱스, CODEX)’라는 신형 장비 운영을 위한 관측 데이터도 수집할 예정이다. 코덱스는 올해 9월 고도 400㎞에 떠 있는 국제우주정거장에 설치될 예정이다. 코덱스는 NASA와 천문연구원이 함께 개발했다.

코덱스의 핵심 기능은 인공적인 개기일식을 일으키는 것이다. 우주에서 태양 본체를 가릴 만한 가리개를 펼쳐 햇빛을 막은 뒤 코로나를 관찰한다. 개기일식을 기다릴 필요 없이 필요할 때마다 코로나를 볼 수 있다. 코로나의 온도와 속도를 측정할 수 있는 코덱스는 최대 2년간 운영된다. [...] 코덱스 한국 측 개발 책임자인 천문연구원 김연한 박사는 “코덱스는 태양 연구의 난제인 코로나 가열과 태양풍 가속 비밀의 실마리를 푸는 데 기여할 것”이라고 밝혔다. 다음 개기일식은 2026년 8월12일 아이슬란드와 스페인에서 생긴다. 한국에서는 2035년 9월2일에 강원도 고성 등에서 개기일식을 관찰할 수 있다.

이정호 기자

이정호 기자

산업부

글자 크기 설정

보통

크게

아주 크게

컬러 모드 설정

라이트

다크

베이지

그린

공유하기

카카오톡

페이스북

X

URL 복사

이메일

### 주요 기사

### 더 깊이, 더 넓게 보는 기사

점선면

매일 아침 '점선면'이  
뉴스의 맥락과 관점을 정리해드려요!

뉴스레터를 구독해주셔서 감사합니다.

![바뀐 것과 바뀌지 않은 것 [플랫]](

플랫

![[금주의 B컷]알록달록 꽃들 사이 맨발로 맞이하는 봄](

사진금주의 B컷

![[인터랙티브] 불법계엄의 재구성](//img.khan.co.kr/ranking/khan/mobile/MAInteractive/1268_1767820409_A1R2lVCXGyn55dGP.png)

인터랙티브

### 지금 많이 보는 기사

### 읽어볼 만한 기사

더 적게 읽고, 더 많이 아는 점선면

### 뉴스룸 PICK

### 에디터 PICK

![[이창진의 우주로 읽는 과학]누리호 성공에 기술·경제만 관심…‘문화’ 담아야 우주개발 역량 커진다](

이창진의 우주로 읽는 과학

늙고 장애가 있더라도 함께 잘 살아야죠…동물의 ‘생로병사’에 공감

이진송의 아니 근데 [...] # 창간 80주년 경향신문

8일 북미서 개기일식…먼 나라 우주이벤트에 한국 과학자들이 바쁜 이유는?

경향신문

공유하기

카카오톡

페이스북

X

URL 복사

이메일

보기 설정

글자 크기

보통

크게

아주 크게

컬러 모드

라이트

다크

베이지

그린

컬러 모드

라이트

다크

베이지

그린

본문 요약

내 뉴스플리에 저장

# 8일 북미서 개기일식…먼 나라 우주이벤트에 한국 과학자들이 바쁜 이유는?

입력 2024.04.02 13:31

수정 2024.04.02 14:46

천문연, 미국 텍사스에 개기일식 관측팀 파견

8일 일식 정밀 관찰 예정…‘코로나’ 집중 확인

올해 9월 우주 발사할 신형 장비도 점검

2017년 8월21일 미국 오레건주에서 관측된 개기일식 장면. 태양 주변에 물뿌리개로 뿌린 물방울처럼 보이는 ‘코로나’가 관찰된다. 미국 항공우주국(NASA) 제공

2017년 8월21일 미국 오레건주에서 관측된 개기일식 장면. 태양 주변에 물뿌리개로 뿌린 물방울처럼 보이는 ‘코로나’가 관찰된다. 미국 항공우주국(NASA) 제공

오는 8일(현지시간) 북미를 가로지르며 발생할 개기일식을 관찰할 수 있는 지역(검은색 띠). 멕시코부터 미국, 캐나다 국토를 아우른다. 미국 항공우주국(NASA) 제공

오는 8일(현지시간) 북미를 가로지르며 발생할 개기일식을 관찰할 수 있는 지역(검은색 띠). 멕시코부터 미국, 캐나다 국토를 아우른다. 미국 항공우주국(NASA) 제공",,"각 뉴스 기사의 핵심 내용을 아래와 같이 요약했습니다.

### 1. 한·미 공동개발한 태양 망원경, 우주정거장 도킹 - 중앙일보

*   한국과 미국이 공동 개발한 태양 관측 특수 망원경 '코덱스(CODEX)'가 지난 5일 국제우주정거장(ISS)에 성공적으로 도킹했습니다. 이는 우주 날씨 예측에 중요한 진전으로 평가됩니다.
*   코덱스는 한국천문연구원과 나사(NASA)가 2017년부터 개발했으며, ISS에 설치된 후 6개월에서 최대 2년까지 태양을 관측할 예정입니다.
*   이 망원경은 관측이 어려웠던 태양 대기 '코로나'의 모양뿐만 아니라 온도와 속도까지 동시에 측정하여 2차원 영상으로 구현할 수 있는 최첨단 기술을 탑재했습니다.
*   코덱스 관측 자료는 태양풍에 따른 우주 날씨 변화를 더 정확하게 예측하고, 위성통신 및 전파통신 장애에 대비하는 데 활용될 것입니다.

### 2. 한·미 개발 '태양 대기 관측장비' 오는 5일 우주로 발사 - 경향신문

*   한국과 미국이 공동 개발한 태양 대기 관측 장비인 '코덱스(CODEX)'가 국제우주정거장(ISS) 설치를 위해 지난 5일 우주로 발사되었습니다.
*   코덱스는 태양 대기 최외곽층인 코로나를 상시 관측할 수 있도록 인공 개기일식 효과를 구현하며, 코로나의 형상과 온도 등 세밀한 정보를 측정할 예정입니다.
*   이 장비는 태양 표면보다 훨씬 뜨거운 코로나의 온도 미스터리를 규명하고, 태양풍 연구를 가속화하여 우주 날씨 예측 능력을 향상시키는 데 기여할 것으로 기대됩니다.
*   코덱스는 기존의 노후화된 장비들을 대체하는 최신 기술을 적용하여, 우주 과학 분야에서 한국의 위상을 높이는 데 일조할 것입니다.

### 3. 한·미 합작 역대 최강 코로나 관측 장비, 태양풍 비밀 벗긴다 - 한겨레

*   총 400억원 규모로 한미가 공동 개발한 역대 최강의 태양 코로나 관측 장비 '코덱스(CODEX)'가 국제우주정거장(ISS)으로 발사되었습니다.
*   코덱스는 기존 장비와 달리 코로나의 형상, 온도, 속도를 한 기기에서 동시에 측정하고 2차원 영상으로 구현하는 최초의 장비입니다.
*   과학자들은 코덱스를 통해 코로나가 뜨거워지는 원인과 태양풍이 급격히 가속되는 비밀 등 태양 연구의 두 가지 주요 난제를 해결할 것으로 기대하고 있습니다.
*   코덱스의 관측 데이터는 태양풍 폭발과 같은 우주 날씨 현상을 예측하는 능력을 크게 향상시켜, 인공위성 통신 및 전력망 장애 대비에 중요한 역할을 할 것입니다.
*   한국천문연구원은 편광카메라 등 하드웨어와 운영 소프트웨어를, 나사는 광학계 등 핵심 기술을 개발했습니다.

### 4. 8일 북미서 개기일식…먼 나라 우주이벤트에 한국 과학자들이 바쁜 이유는? - 경향신문

*   한국천문연구원은 북미 개기일식에 맞춰 관측팀을 파견하여 태양 코로나 데이터를 수집했으며, 이는 한미 공동 개발 '코덱스(CODEX)' 장비 운영 및 검증에 활용될 예정입니다.
*   올해 9월 국제우주정거장에 설치될 예정인 코덱스는 인공 개기일식을 일으켜 태양 본체를 가리고 코로나를 상시 관측할 수 있는 신형 장비입니다.
*   코덱스는 코로나의 온도와 속도까지 정밀하게 측정하여, 태양 대기의 가장 뜨거운 층인 코로나의 가열 원인과 태양풍 가속 비밀 등 태양 연구의 오랜 난제를 해결하는 데 기여할 것입니다.
*   이 장비는 NASA와 천문연구원이 공동 개발했으며, 최대 2년간 운영될 예정입니다.

### 5. 오픈AI, AI 코딩 에이전트 공개…빅테크와 본격 경쟁 | 연합뉴스

*   오픈AI가 소프트웨어 엔지니어링에 최적화된 인공지능 코딩 에이전트 '코덱스(CODEX)'를 공개했습니다.
*   이 코덱스는 오픈AI의 추론 모델 'o3'를 기반으로 작동하며, 아직 초기 단계에 있지만 빅테크 기업들과의 AI 코딩 분야 경쟁을 본격화할 것임을 시사합니다."
코덱스-202602121458,2026-02-12 14:58:54.060155,코덱스,5,"오픈AI, AI 코딩 에이전트 공개…빅테크와 본격 경쟁 | 연합뉴스",https://www.yna.co.kr/view/AKR20250517003000091,코덱스는 소프트웨어 엔지니어링에 최적화된 오픈AI의 추론 모델 'o3'를 기반으로 작동한다고 오픈AI는 설명했다. 오픈AI는 코덱스가 아직 초기 단계,,"각 뉴스 기사의 핵심 내용을 아래와 같이 요약했습니다.

### 1. 한·미 공동개발한 태양 망원경, 우주정거장 도킹 - 중앙일보

*   한국과 미국이 공동 개발한 태양 관측 특수 망원경 '코덱스(CODEX)'가 지난 5일 국제우주정거장(ISS)에 성공적으로 도킹했습니다. 이는 우주 날씨 예측에 중요한 진전으로 평가됩니다.
*   코덱스는 한국천문연구원과 나사(NASA)가 2017년부터 개발했으며, ISS에 설치된 후 6개월에서 최대 2년까지 태양을 관측할 예정입니다.
*   이 망원경은 관측이 어려웠던 태양 대기 '코로나'의 모양뿐만 아니라 온도와 속도까지 동시에 측정하여 2차원 영상으로 구현할 수 있는 최첨단 기술을 탑재했습니다.
*   코덱스 관측 자료는 태양풍에 따른 우주 날씨 변화를 더 정확하게 예측하고, 위성통신 및 전파통신 장애에 대비하는 데 활용될 것입니다.

### 2. 한·미 개발 '태양 대기 관측장비' 오는 5일 우주로 발사 - 경향신문

*   한국과 미국이 공동 개발한 태양 대기 관측 장비인 '코덱스(CODEX)'가 국제우주정거장(ISS) 설치를 위해 지난 5일 우주로 발사되었습니다.
*   코덱스는 태양 대기 최외곽층인 코로나를 상시 관측할 수 있도록 인공 개기일식 효과를 구현하며, 코로나의 형상과 온도 등 세밀한 정보를 측정할 예정입니다.
*   이 장비는 태양 표면보다 훨씬 뜨거운 코로나의 온도 미스터리를 규명하고, 태양풍 연구를 가속화하여 우주 날씨 예측 능력을 향상시키는 데 기여할 것으로 기대됩니다.
*   코덱스는 기존의 노후화된 장비들을 대체하는 최신 기술을 적용하여, 우주 과학 분야에서 한국의 위상을 높이는 데 일조할 것입니다.

### 3. 한·미 합작 역대 최강 코로나 관측 장비, 태양풍 비밀 벗긴다 - 한겨레

*   총 400억원 규모로 한미가 공동 개발한 역대 최강의 태양 코로나 관측 장비 '코덱스(CODEX)'가 국제우주정거장(ISS)으로 발사되었습니다.
*   코덱스는 기존 장비와 달리 코로나의 형상, 온도, 속도를 한 기기에서 동시에 측정하고 2차원 영상으로 구현하는 최초의 장비입니다.
*   과학자들은 코덱스를 통해 코로나가 뜨거워지는 원인과 태양풍이 급격히 가속되는 비밀 등 태양 연구의 두 가지 주요 난제를 해결할 것으로 기대하고 있습니다.
*   코덱스의 관측 데이터는 태양풍 폭발과 같은 우주 날씨 현상을 예측하는 능력을 크게 향상시켜, 인공위성 통신 및 전력망 장애 대비에 중요한 역할을 할 것입니다.
*   한국천문연구원은 편광카메라 등 하드웨어와 운영 소프트웨어를, 나사는 광학계 등 핵심 기술을 개발했습니다.

### 4. 8일 북미서 개기일식…먼 나라 우주이벤트에 한국 과학자들이 바쁜 이유는? - 경향신문

*   한국천문연구원은 북미 개기일식에 맞춰 관측팀을 파견하여 태양 코로나 데이터를 수집했으며, 이는 한미 공동 개발 '코덱스(CODEX)' 장비 운영 및 검증에 활용될 예정입니다.
*   올해 9월 국제우주정거장에 설치될 예정인 코덱스는 인공 개기일식을 일으켜 태양 본체를 가리고 코로나를 상시 관측할 수 있는 신형 장비입니다.
*   코덱스는 코로나의 온도와 속도까지 정밀하게 측정하여, 태양 대기의 가장 뜨거운 층인 코로나의 가열 원인과 태양풍 가속 비밀 등 태양 연구의 오랜 난제를 해결하는 데 기여할 것입니다.
*   이 장비는 NASA와 천문연구원이 공동 개발했으며, 최대 2년간 운영될 예정입니다.

### 5. 오픈AI, AI 코딩 에이전트 공개…빅테크와 본격 경쟁 | 연합뉴스

*   오픈AI가 소프트웨어 엔지니어링에 최적화된 인공지능 코딩 에이전트 '코덱스(CODEX)'를 공개했습니다.
*   이 코덱스는 오픈AI의 추론 모델 'o3'를 기반으로 작동하며, 아직 초기 단계에 있지만 빅테크 기업들과의 AI 코딩 분야 경쟁을 본격화할 것임을 시사합니다."
